{
  "daily_budget": 20.0,
  "hourly_allocation": {
    "0": 0.8729347261023139,
    "1": 0.8876886293033341,
    "2": 0.9735944971333614,
    "3": 1.1306523296142756,
    "4": 1.3040234588631425,
    "5": 1.395076252620668,
    "6": 1.4746331610451031,
    "7": 1.4112503158528806,
    "8": 1.2973217758442452,
    "9": 1.2545452007488553,
    "10": 1.194295065908188,
    "11": 1.205196895975297,
    "12": 1.123384434810726,
    "13": 1.0736416413642547,
    "14": 0.9529835766533554,
    "15": 0.8104986451609884,
    "16": 0.5261460426192974,
    "17": 0.31294540434167417,
    "18": 0.1708967307407384,
    "19": 0.10000002576151627,
    "20": 0.10000000020919234,
    "21": 0.13042648926154424,
    "22": 0.18450844151869242,
    "23": 0.1133562585463636
  },
  "total_allocated": 20.0,
  "expected_revenue": 53.03,
  "expected_roas": 2.65,
  "smoothness_score": 0.012126,
  "peak_hours": [
    4,
    6,
    11,
    13,
    15,
    22
  ],
  "solver_status": "optimal",
  "campaign_name": "Campaign_A",
  "day_of_week": 1
}