{
  "weekly_budget_strategy": {
    "monday": {
      "daily_budget": 30.0,
      "hourly_allocation": {
        "0": 1.4429513201949946,
        "1": 1.4559976980118428,
        "2": 1.5384885152359897,
        "3": 1.6904237724387057,
        "4": 1.8569648024953158,
        "5": 1.9394799732544763,
        "6": 2.0087917362234484,
        "7": 1.933456221664649,
        "8": 1.8058674891631734,
        "9": 1.7477231978488257,
        "10": 1.6703978231257521,
        "11": 1.6625168903505794,
        "12": 1.5602141433816359,
        "13": 1.488273542766411,
        "14": 1.343710149989483,
        "15": 1.1756123716942646,
        "16": 0.863939402008699,
        "17": 0.6217108824261215,
        "18": 0.44892681652367467,
        "19": 0.34558720618839905,
        "20": 0.31169204814275364,
        "21": 0.3472413384645396,
        "22": 0.40473855322751096,
        "23": 0.3352941051787645
      },
      "total": 30.0,
      "expected_revenue": 75.59,
      "expected_roas": 2.52
    },
    "tuesday": {
      "daily_budget": 15.0,
      "hourly_allocation": {
        "0": 0.10000000085846084,
        "1": 0.1000000006139131,
        "2": 0.1000000028929574,
        "3": 0.10000000320280208,
        "4": 0.10000000055917076,
        "5": 0.10000000049692002,
        "6": 0.11557590714378628,
        "7": 0.2158834318683144,
        "8": 0.40092224983253,
        "9": 0.4374245255145792,
        "10": 0.41967514029720443,
        "11": 0.33821874599374524,
        "12": 0.24844436378079554,
        "13": 0.24340124708132774,
        "14": 0.2589971581032215,
        "15": 0.35932432229361,
        "16": 0.5443827353812166,
        "17": 0.8141723847307423,
        "18": 1.0366406998093733,
        "19": 1.343840238988426,
        "20": 1.7357709978543119,
        "21": 1.9339836497140694,
        "22": 1.9954251859254455,
        "23": 1.9579170070630798
      },
      "total": 15.0,
      "expected_revenue": 32.66,
      "expected_roas": 2.18
    },
    "wednesday": {
      "daily_budget": 30.0,
      "hourly_allocation": {
        "0": 2.247915168753404,
        "1": 2.24914730659615,
        "2": 2.0732882708536238,
        "3": 1.7826482441637126,
        "4": 1.5614526413406267,
        "5": 1.409701466322972,
        "6": 1.3273947226210432,
        "7": 1.2454286706930788,
        "8": 1.2329070551381354,
        "9": 1.289829876948933,
        "10": 1.2855824555026367,
        "11": 1.2124182863229571,
        "12": 1.1772514351717662,
        "13": 1.1296988816316342,
        "14": 1.0878358058183257,
        "15": 1.1154171742411292,
        "16": 1.2124429862244124,
        "17": 1.1852506173885635,
        "18": 0.9463230073275368,
        "19": 0.7768398505352319,
        "20": 0.6768011595104221,
        "21": 0.646206944877393,
        "22": 0.5988312343662939,
        "23": 0.5293867376500222
      },
      "total": 30.0,
      "expected_revenue": 78.49,
      "expected_roas": 2.62
    },
    "thursday": {
      "daily_budget": 22.407198922391494,
      "hourly_allocation": {
        "0": 2.4991096651216353,
        "1": 2.4691557254739704,
        "2": 2.3949528867246195,
        "3": 2.147460946985039,
        "4": 1.9461516813713076,
        "5": 1.8169367901770745,
        "6": 1.7598173451541954,
        "7": 1.5844748019041206,
        "8": 1.2491367514230853,
        "9": 0.9213021255285259,
        "10": 0.6655658817490328,
        "11": 0.48192937085030346,
        "12": 0.2941435983464763,
        "13": 0.178455061063704,
        "14": 0.13486180233409914,
        "15": 0.16336442343869093,
        "16": 0.2639627205936897,
        "17": 0.2868054715692736,
        "18": 0.3817457349387206,
        "19": 0.27674102746451373,
        "20": 0.16244941867475712,
        "21": 0.12025423932783087,
        "22": 0.10842145076919427,
        "23": 0.1000000014076879
      },
      "total": 22.41,
      "expected_revenue": 58.67,
      "expected_roas": 2.62
    },
    "friday": {
      "daily_budget": 15.0,
      "hourly_allocation": {
        "0": 1.5372934187639196,
        "1": 1.6090869851190468,
        "2": 1.6201999416841568,
        "3": 1.5925494027047629,
        "4": 1.447700520531975,
        "5": 1.2906705102425324,
        "6": 0.9707613738749579,
        "7": 0.7226459053040569,
        "8": 0.5463240329873126,
        "9": 0.44179577437385087,
        "10": 0.40906114073372,
        "11": 0.4481201608811037,
        "12": 0.5589728739471423,
        "13": 0.3406004705314527,
        "14": 0.19402173067742873,
        "15": 0.11923649738233946,
        "16": 0.11624393359561896,
        "17": 0.100000000272816,
        "18": 0.10000000204264269,
        "19": 0.1709670085799875,
        "20": 0.1422301895974059,
        "21": 0.18528657732381576,
        "22": 0.17917956833234217,
        "23": 0.15705198051560887
      },
      "total": 15.0,
      "expected_revenue": 29.36,
      "expected_roas": 1.96
    },
    "saturday": {
      "daily_budget": 15.0,
      "hourly_allocation": {
        "0": 1.4271180568928399,
        "1": 1.4967909250599225,
        "2": 1.293025741310188,
        "3": 1.1589334257702746,
        "4": 1.0945139784566003,
        "5": 1.0216899666574828,
        "6": 1.0185388231740238,
        "7": 0.9077746341848187,
        "8": 0.8666833135602249,
        "9": 0.735767231083647,
        "10": 0.6745240170405032,
        "11": 0.5466763174779552,
        "12": 0.4885014864503321,
        "13": 0.30850686014903983,
        "14": 0.19818510266559553,
        "15": 0.15753621433577802,
        "16": 0.18656019535946503,
        "17": 0.28525704553403475,
        "18": 0.15779208815487356,
        "19": 0.10000000025008898,
        "20": 0.10639859097688263,
        "21": 0.18247005953770673,
        "22": 0.3282143974187996,
        "23": 0.25854152849893197
      },
      "total": 15.0,
      "expected_revenue": 21.46,
      "expected_roas": 1.43
    },
    "sunday": {
      "daily_budget": 16.791035354191585,
      "hourly_allocation": {
        "0": 0.3609233846310117,
        "1": 0.31413016287652223,
        "2": 0.34573514518088705,
        "3": 0.4557385706163226,
        "4": 0.6180939959634127,
        "5": 0.8588479404340734,
        "6": 1.0246089851369125,
        "7": 1.268768506522192,
        "8": 1.215278572693685,
        "9": 1.2401870507597395,
        "10": 1.2525933820595625,
        "11": 1.2110645176500554,
        "12": 1.2479340161946697,
        "13": 1.197417388579274,
        "14": 1.1483146935666546,
        "15": 0.9693426293795374,
        "16": 0.7001487686954028,
        "17": 0.5093533671230447,
        "18": 0.29450298841862743,
        "19": 0.15805128527115553,
        "20": 0.10000000099603738,
        "21": 0.10000000020972749,
        "22": 0.10000000092308618,
        "23": 0.10000000030999313
      },
      "total": 16.79,
      "expected_revenue": 32.42,
      "expected_roas": 1.93
    }
  },
  "weekly_total": 144.2,
  "total_expected_revenue": 328.65,
  "overall_roas": 2.28,
  "campaign_name": "Campaign_A"
}