{
  "campaign_name": "Campaign_A",
  "weekly_budget_strategy": {
    "monday": {
      "daily_budget": 16.56,
      "hourly_allocation": {
        "0": 0.2662238501216357,
        "1": 0.25980754237716575,
        "2": 0.24697492810903246,
        "3": 0.24091134028930883,
        "4": 0.24939904439816782,
        "5": 0.274917898975744,
        "6": 0.30753423068543023,
        "7": 0.34769450499081367,
        "8": 0.37994409441779764,
        "9": 0.4211211623706883,
        "10": 0.46891768358160657,
        "11": 0.5326038829604001,
        "12": 0.6126416903635697,
        "13": 0.7090311043702712,
        "14": 0.8161815852051918,
        "15": 0.9239067627922175,
        "16": 1.0178802169516115,
        "17": 1.0965399824305344,
        "18": 1.1467274413781299,
        "19": 1.1977530021467961,
        "20": 1.235314410879916,
        "21": 1.2594116681160732,
        "22": 1.271434897706175,
        "23": 1.2771270743817311
      },
      "total": 16.56,
      "weight_source": "prediction",
      "strategy": {
        "type": "low_performer",
        "description": "Low efficiency - minimize or pause",
        "priority_weight": 0.6
      }
    },
    "tuesday": {
      "daily_budget": 16.56,
      "hourly_allocation": {
        "0": 0.2662238501216357,
        "1": 0.25980754237716575,
        "2": 0.24697492810903246,
        "3": 0.24091134028930883,
        "4": 0.24939904439816782,
        "5": 0.274917898975744,
        "6": 0.30753423068543023,
        "7": 0.34769450499081367,
        "8": 0.37994409441779764,
        "9": 0.4211211623706883,
        "10": 0.46891768358160657,
        "11": 0.5326038829604001,
        "12": 0.6126416903635697,
        "13": 0.7090311043702712,
        "14": 0.8161815852051918,
        "15": 0.9239067627922175,
        "16": 1.0178802169516115,
        "17": 1.0965399824305344,
        "18": 1.1467274413781299,
        "19": 1.1977530021467961,
        "20": 1.235314410879916,
        "21": 1.2594116681160732,
        "22": 1.271434897706175,
        "23": 1.2771270743817311
      },
      "total": 16.56,
      "weight_source": "prediction",
      "strategy": {
        "type": "low_performer",
        "description": "Low efficiency - minimize or pause",
        "priority_weight": 0.6
      }
    },
    "wednesday": {
      "daily_budget": 21.56,
      "hourly_allocation": {
        "0": 0.5882911663910646,
        "1": 0.569962507609819,
        "2": 0.5333051911712429,
        "3": 0.49364073949784715,
        "4": 0.4692696234612571,
        "5": 0.46209658566855966,
        "6": 0.4644917145450699,
        "7": 0.476797925545944,
        "8": 0.5021804686774174,
        "9": 0.5535724830785497,
        "10": 0.6292012045017408,
        "11": 0.7107661299420986,
        "12": 0.7986220585903949,
        "13": 0.8927689872280987,
        "14": 0.9889128861297893,
        "15": 1.0841726392662059,
        "16": 1.1806421193591092,
        "17": 1.2734983197307743,
        "18": 1.352634308015519,
        "19": 1.4255272498452887,
        "20": 1.4811917963069614,
        "21": 1.519627945534821,
        "22": 1.5455267237649628,
        "23": 1.56329922613747
      },
      "total": 21.56,
      "weight_source": "prediction",
      "strategy": {
        "type": "low_performer",
        "description": "Low efficiency - minimize or pause",
        "priority_weight": 0.6
      }
    },
    "thursday": {
      "daily_budget": 20.82,
      "hourly_allocation": {
        "0": 0.6702088247485599,
        "1": 0.649699044022911,
        "2": 0.6086795043162563,
        "3": 0.5630177617335824,
        "4": 0.5316665246624042,
        "5": 0.5167420009956784,
        "6": 0.5103423594787863,
        "7": 0.5094385656318652,
        "8": 0.5206928197512433,
        "9": 0.5574991635306558,
        "10": 0.6183518068379529,
        "11": 0.6842980542255928,
        "12": 0.7557053554727184,
        "13": 0.8325737111901227,
        "14": 0.913644413631838,
        "15": 0.99593366737236,
        "16": 1.0816099580220047,
        "17": 1.1656783773274617,
        "18": 1.2376717785178022,
        "19": 1.3048600779249804,
        "20": 1.3558664652061718,
        "21": 1.3906909519634947,
        "22": 1.4141917245821045,
        "23": 1.4309370888534647
      },
      "total": 20.82,
      "weight_source": "prediction",
      "strategy": {
        "type": "low_performer",
        "description": "Low efficiency - minimize or pause",
        "priority_weight": 0.6
      }
    },
    "friday": {
      "daily_budget": 21.56,
      "hourly_allocation": {
        "0": 0.6612097204278322,
        "1": 0.6399497502438869,
        "2": 0.5974298188009574,
        "3": 0.5473433895290137,
        "4": 0.5143913035704001,
        "5": 0.5006166625911554,
        "6": 0.49839055420081646,
        "7": 0.5047885695160406,
        "8": 0.5262427988145846,
        "9": 0.5756846583642877,
        "10": 0.6516603692017143,
        "11": 0.7294690800280156,
        "12": 0.8094655445049532,
        "13": 0.8916497594463904,
        "14": 0.9748064906627162,
        "15": 1.0585809781601878,
        "16": 1.1450667957512501,
        "17": 1.229441573801964,
        "18": 1.3015997154204368,
        "19": 1.367670229459487,
        "20": 1.4166692386683057,
        "21": 1.4507381521434428,
        "22": 1.4745673873169336,
        "23": 1.492567459375243
      },
      "total": 21.56,
      "weight_source": "prediction",
      "strategy": {
        "type": "low_performer",
        "description": "Low efficiency - minimize or pause",
        "priority_weight": 0.6
      }
    },
    "saturday": {
      "daily_budget": 27.45,
      "hourly_allocation": {
        "0": 0.9115739526360859,
        "1": 0.8961120278719348,
        "2": 0.8651881948952553,
        "3": 0.8295585824585331,
        "4": 0.8086255608455446,
        "5": 0.8039939986963788,
        "6": 0.8096714630863115,
        "7": 0.814047156611942,
        "8": 0.8314871862070431,
        "9": 0.8721491223987969,
        "10": 0.9348910329576862,
        "11": 1.0003105495429347,
        "12": 1.0686863178020953,
        "13": 1.1400183247684603,
        "14": 1.2133520093049055,
        "15": 1.2864245682923297,
        "16": 1.3608804867128346,
        "17": 1.4329318065654684,
        "18": 1.4946406221922033,
        "19": 1.5515201737354982,
        "20": 1.5949426773220279,
        "21": 1.6249081365949032,
        "22": 1.6451008371936306,
        "23": 1.6589852113072046
      },
      "total": 27.45,
      "weight_source": "prediction",
      "strategy": {
        "type": "low_performer",
        "description": "Low efficiency - minimize or pause",
        "priority_weight": 0.6
      }
    },
    "sunday": {
      "daily_budget": 25.48,
      "hourly_allocation": {
        "0": 0.8222385200370315,
        "1": 0.8041642450195877,
        "2": 0.7680157233282147,
        "3": 0.726757082492826,
        "4": 0.7012914282582599,
        "5": 0.6929716503839405,
        "6": 0.6917430290230295,
        "7": 0.7014945014828663,
        "8": 0.7213055455265752,
        "9": 0.7657181510322983,
        "10": 0.8338781716871709,
        "11": 0.9048825174225903,
        "12": 0.9790313886549616,
        "13": 1.0563247747236058,
        "14": 1.1357342835827475,
        "15": 1.2148220915661867,
        "16": 1.2953598774498165,
        "17": 1.373266701173106,
        "18": 1.4399906846307384,
        "19": 1.5014715005890993,
        "20": 1.5484140394509824,
        "21": 1.5808183118318717,
        "22": 1.6026535694340773,
        "23": 1.6176522112184215
      },
      "total": 25.48,
      "weight_source": "prediction",
      "strategy": {
        "type": "low_performer",
        "description": "Low efficiency - minimize or pause",
        "priority_weight": 0.6
      }
    }
  },
  "daily_budgets": {
    "1": 16.56,
    "2": 16.56,
    "3": 21.56,
    "4": 20.82,
    "5": 21.56,
    "6": 27.45,
    "7": 25.48
  },
  "weekly_total": 149.99,