{
  "daily_budget": 20.0,
  "hourly_allocation": {
    "0": 0.4095536524326386,
    "1": 0.40313741510574164,
    "2": 0.3903049452392157,
    "3": 0.384241579621685,
    "4": 0.39272957859349605,
    "5": 0.41824878619146594,
    "6": 0.4508655125974829,
    "7": 0.49102620861299107,
    "8": 0.5232762342187404,
    "9": 0.5644537428034366,
    "10": 0.6122507013059143,
    "11": 0.675937329258758,
    "12": 0.755975552756062,
    "13": 0.8523653657287434,
    "14": 0.9595162215329948,
    "15": 1.0672417412250859,
    "16": 1.1612154950179465,
    "17": 1.2398755102913108,
    "18": 1.2900631689749416,
    "19": 1.3410888799353162,
    "20": 1.3786503967810109,
    "21": 1.402747732939215,
    "22": 1.414771020231188,
    "23": 1.4204632286046535
  },
  "total_allocated": 20.0,
  "expected_weighted_score": 0.8776,
  "smoothness_score": 0.001277,
  "peak_hours": [
    15,
    16,
    17,
    19,
    20,
    21
  ],
  "solver_status": "optimal",
  "campaign_name": "Campaign_A",
  "day_of_week": 1,
  "weight_source": "prediction",
  "predicted_revenue": {
    "0": 24.986421585083008,
    "1": 24.986421585083008,
    "2": 20.64354133605957,
    "3": 18.080280303955078,
    "4": 17.26348304748535,
    "5": 20.535356521606445,
    "6": 20.388301849365234,
    "7": 25.47862434387207,
    "8": 19.932601928710938,
    "9": 20.692800521850586,
    "10": 17.639446258544922,
    "11": 17.4872989654541,
    "12": 17.4872989654541,
    "13": 19.32866668701172,
    "14": 22.683773040771484,
    "15": 27.402496337890625,
    "16": 27.916963577270508,
    "17": 32.25104522705078,
    "18": 22.597013473510742,
    "19": 27.307777404785156,
    "20": 27.307777404785156,
    "21": 26.84990882873535,
    "22": 24.958332061767578,
    "23": 24.74790382385254
  },
  "prediction_uncertainty": {
    "0": 1.0,
    "1": 1.0,
    "2": 1.0,
    "3": 1.0,
    "4": 1.0,
    "5": 1.0,
    "6": 1.0,
    "7": 1.0,
    "8": 1.0,
    "9": 1.0,
    "10": 1.0,
    "11": 1.0,
    "12": 1.0,
    "13": 1.0,
    "14": 1.0,
    "15": 1.0,
    "16": 1.0,
    "17": 1.0,
    "18": 1.0,
    "19": 1.0,
    "20": 1.0,
    "21": 1.0,
    "22": 1.0,
    "23": 1.0
  },
  "strategy": {
    "type": "low_performer",
    "description": "Low efficiency - minimize or pause",
    "priority_weight": 0.6
  }
}